{
  "accuracy": 0.918869644484959,
  "f1_score": 0.9117938553022795,
  "roc_auc": 0.9737217102565654,
  "confusion_matrix": [
    [
      548,
      58
    ],
    [
      31,
      460
    ]
  ],
  "classification_report": {
    "Natural": {
      "precision": 0.9464594127806563,
      "recall": 0.9042904290429042,
      "f1-score": 0.9248945147679325,
      "support": 606.0
    },
    "Synthetic": {
      "precision": 0.888030888030888,
      "recall": 0.9368635437881874,
      "f1-score": 0.9117938553022795,
      "support": 491.0
    },
    "accuracy": 0.918869644484959,
    "macro avg": {
      "precision": 0.9172451504057721,
      "recall": 0.9205769864155458,
      "f1-score": 0.918344185035106,
      "support": 1097.0
    },
    "weighted avg": {
      "precision": 0.9203077212107964,
      "recall": 0.918869644484959,
      "f1-score": 0.919030864997982,
      "support": 1097.0
    }
  }
}