{
  "train_loss": [
    0.47918140650726854,
    0.3929340666159987,
    0.36081397768575696,
    0.3382503650384024,
    0.3282801837194711,
    0.2878416326013394,
    0.2712658714968711,
    0.24588095106882973,
    0.22403786433278583,
    0.2085334283299744,
    0.18502288907475303,
    0.1671209727152018,
    0.15406292205152566,
    0.12853165240740055,
    0.09700818243436515,
    0.09073849946289556,
    0.07247110990065267,
    0.05935983089475485,
    0.05270284651342081,
    0.050790933218650025
  ],
  "train_acc": [
    78.33822091886609,
    83.42130987292278,
    84.49657869012708,
    85.49364613880743,
    85.70869990224828,
    88.21114369501467,
    88.40664711632454,
    90.26392961876833,
    91.14369501466275,
    91.86705767350928,
    92.78592375366568,
    93.58748778103617,
    94.29130009775172,
    95.30791788856305,
    96.50048875855327,
    96.7546432062561,
    97.57575757575758,
    97.71260997067449,
    98.12316715542522,
    98.2991202346041
  ],
  "val_loss": [
    0.48367011082313105,
    0.4294508306876473,
    0.31479273277564324,
    0.40663943431623606,
    0.2913276181704756,
    0.3011819367985363,
    0.3082319302349419,
    0.2560672984269542,
    0.2578006371538546,
    0.23368660296461935,
    0.2682480331969218,
    0.33862037831188546,
    0.6231227805534296,
    0.2578963894140569,
    0.6109750568638961,
    0.6040611851600208,
    0.633062134091523,
    0.3140563942645752,
    0.8950044189590751,
    0.5547100315492624
  ],
  "val_acc": [
    83.22698268003646,
    81.13035551504102,
    87.0556061987238,
    81.85961713764813,
    87.32907930720145,
    87.42023701002735,
    89.42570647219691,
    89.69917958067457,
    90.88422971741112,
    91.79580674567,
    90.51959890610756,
    91.34001823154057,
    90.61075660893346,
    92.34275296262534,
    91.43117593436645,
    90.79307201458523,
    91.34001823154057,
    92.61622607110301,
    91.34001823154057,
    91.8869644484959
  ]
}