{
  "accuracy": 0.7219690063810392,
  "f1_score": 0.660734149054505,
  "roc_auc": 0.78213116627345,
  "confusion_matrix": [
    [
      495,
      111
    ],
    [
      194,
      297
    ]
  ],
  "classification_report": {
    "Natural": {
      "precision": 0.7184325108853411,
      "recall": 0.8168316831683168,
      "f1-score": 0.7644787644787645,
      "support": 606.0
    },
    "Synthetic": {
      "precision": 0.7279411764705882,
      "recall": 0.604887983706721,
      "f1-score": 0.660734149054505,
      "support": 491.0
    },
    "accuracy": 0.7219690063810392,
    "macro avg": {
      "precision": 0.7231868436779647,
      "recall": 0.7108598334375189,
      "f1-score": 0.7126064567666348,
      "support": 1097.0
    },
    "weighted avg": {
      "precision": 0.7226884405137424,
      "recall": 0.7219690063810392,
      "f1-score": 0.7180443012396474,
      "support": 1097.0
    }
  }
}