{
  "train_loss": [
    0.721867040189773,
    0.6605642326706834,
    0.6475341466077712,
    0.6204117677490256,
    0.5947431634124528
  ],
  "train_acc": [
    51.88740999345407,
    59.896576319543506,
    61.055634807417974,
    65.69186875891583,
    68.65192582025678
  ],
  "val_loss": [
    0.7166105646912645,
    0.6991564503506474,
    0.5960376249707263,
    0.5679476219026939,
    0.5417373714887578
  ],
  "val_acc": [
    54.526958290946084,
    66.30286493860847,
    66.43929058663029,
    72.78308321964529,
    73.05593451568895
  ]
}